{"title":"Mark the words","language":"und","mainLibrary":"H5P.MarkTheWords","embedTypes":["div"],"license":"U","preloadedDependencies":[{"machineName":"H5P.MarkTheWords","majorVersion":"1","minorVersion":"6"},{"machineName":"FontAwesome","majorVersion":"4","minorVersion":"5"},{"machineName":"H5P.JoubelUI","majorVersion":"1","minorVersion":"2"},{"machineName":"H5P.Transition","majorVersion":"1","minorVersion":"0"},{"machineName":"Drop","majorVersion":"1","minorVersion":"0"},{"machineName":"Tether","majorVersion":"1","minorVersion":"0"},{"machineName":"H5P.Question","majorVersion":"1","minorVersion":"2"}]}