<?xml version="1.0" encoding="utf-8" standalone="no"?>
<manifest identifier="com.TestCompany.TestCourse.4a8846b3-afb7-426b-8702-b10eb6d48a24" version="1" xmlns:adlnav="http://www.adlnet.org/xsd/adlnav_v1p3" xmlns="http://www.imsglobal.org/xsd/imscp_v1p1" xmlns:adlseq="http://www.adlnet.org/xsd/adlseq_v1p3" xmlns:imsss="http://www.imsglobal.org/xsd/imsss" xmlns:adlcp="http://www.adlnet.org/xsd/adlcp_v1p3" xmlns:xsi="http://www.w3.org/2001/XMLSchema-instance" xsi:schemaLocation="http://www.imsglobal.org/xsd/imscp_v1p1 imscp_v1p1.xsd http://www.adlnet.org/xsd/adlcp_v1p3 adlcp_v1p3.xsd http://www.adlnet.org/xsd/adlseq_v1p3 adlseq_v1p3.xsd http://www.adlnet.org/xsd/adlnav_v1p3 adlnav_v1p3.xsd http://www.imsglobal.org/xsd/imsss imsss_v1p0.xsd">
  <metadata>
    <schema>ADL SCORM</schema>
    <schemaversion>2004 4th Edition</schemaversion>
    <adlcp:location>metadata.xml</adlcp:location>
  </metadata>
  <organizations default="Test_Company">
    <organization identifier="Test_Company">
      <title>Test Course</title>
      <item identifier="item_00" identifierref="resource_00">
        <title>Test Course</title>
        <imsss:sequencing>
          <imsss:objectives>
            <imsss:primaryObjective objectiveID="PRIMARYOBJ" satisfiedByMeasure="true">
              <imsss:minNormalizedMeasure>1</imsss:minNormalizedMeasure>
            </imsss:primaryObjective>
          </imsss:objectives>
          <imsss:deliveryControls completionSetByContent="true" objectiveSetByContent="true"/>
        </imsss:sequencing>
        <metadata>
          <schema>ADL SCORM</schema>
          <schemaversion>2004 4th Edition</schemaversion>
          <adlcp:location>metadata.xml</adlcp:location>
        </metadata>
      </item>
      <metadata>
        <schema>ADL SCORM</schema>
        <schemaversion>2004 4th Edition</schemaversion>
        <adlcp:location>metadata.xml</adlcp:location>
      </metadata>
      <imsss:sequencing>
        <imsss:controlMode choice="true" flow="true"/>
      </imsss:sequencing>
    </organization>
  </organizations>
  <resources>
    <metadata>
      <schema>ADL SCORM</schema>
      <schemaversion>2004 4th Edition</schemaversion>
      <adlcp:location>metadata.xml</adlcp:location>
    </metadata>
    <resource identifier="resource_00" type="webcontent" href="index.html" adlcp:scormType="sco">
      <metadata>
        <schema>ADL SCORM</schema>
        <schemaversion>2004 4th Edition</schemaversion>
        <adlcp:location>metadata.xml</adlcp:location>
      </metadata>
      <file href="SCORM_API_wrapper.js"/>
      <file href="h5p-adaptor.js"/>
      <file href="h5p-standalone/fonts/h5p-core-18.eot"/>
      <file href="h5p-standalone/fonts/h5p-core-18.svg"/>
      <file href="h5p-standalone/fonts/h5p-core-18.ttf"/>
      <file href="h5p-standalone/fonts/h5p-core-18.woff"/>
      <file href="h5p-standalone/js/h5p-standalone-frame.min.js"/>
      <file href="h5p-standalone/js/h5p-standalone-main.min.js"/>
      <file href="h5p-standalone/styles/h5p-admin.css"/>
      <file href="h5p-standalone/styles/h5p-confirmation-dialog.css"/>
      <file href="h5p-standalone/styles/h5p-core-button.css"/>
      <file href="h5p-standalone/styles/h5p.css"/>
      <file href="index.html"/>
      <file href="workspace/Drop-1.0/README.md"/>
      <file href="workspace/Drop-1.0/css/drop-theme-arrows-bounce.min.css"/>
      <file href="workspace/Drop-1.0/js/drop.min.js"/>
      <file href="workspace/Drop-1.0/library.json"/>
      <file href="workspace/FontAwesome-4.5/FontAwesome.otf"/>
      <file href="workspace/FontAwesome-4.5/README.md"/>
      <file href="workspace/FontAwesome-4.5/fontawesome-webfont.eot"/>
      <file href="workspace/FontAwesome-4.5/fontawesome-webfont.svg"/>
      <file href="workspace/FontAwesome-4.5/fontawesome-webfont.ttf"/>
      <file href="workspace/FontAwesome-4.5/fontawesome-webfont.woff"/>
      <file href="workspace/FontAwesome-4.5/fontawesome-webfont.woff2"/>
      <file href="workspace/FontAwesome-4.5/h5p-font-awesome.min.css"/>
      <file href="workspace/FontAwesome-4.5/library.json"/>
      <file href="workspace/H5P.JoubelUI-1.2/css/joubel-help-dialog.css"/>
      <file href="workspace/H5P.JoubelUI-1.2/css/joubel-message-dialog.css"/>
      <file href="workspace/H5P.JoubelUI-1.2/css/joubel-progress-circle.css"/>
      <file href="workspace/H5P.JoubelUI-1.2/css/joubel-progressbar.css"/>
      <file href="workspace/H5P.JoubelUI-1.2/css/joubel-score-bar.css"/>
      <file href="workspace/H5P.JoubelUI-1.2/css/joubel-simple-rounded-button.css"/>
      <file href="workspace/H5P.JoubelUI-1.2/css/joubel-slider.css"/>
      <file href="workspace/H5P.JoubelUI-1.2/css/joubel-speech-bubble.css"/>
      <file href="workspace/H5P.JoubelUI-1.2/css/joubel-tip.css"/>
      <file href="workspace/H5P.JoubelUI-1.2/css/joubel-ui.css"/>
      <file href="workspace/H5P.JoubelUI-1.2/fonts/joubel.eot"/>
      <file href="workspace/H5P.JoubelUI-1.2/fonts/joubel.svg"/>
      <file href="workspace/H5P.JoubelUI-1.2/fonts/joubel.ttf"/>
      <file href="workspace/H5P.JoubelUI-1.2/fonts/joubel.woff"/>
      <file href="workspace/H5P.JoubelUI-1.2/js/joubel-help-dialog.js"/>
      <file href="workspace/H5P.JoubelUI-1.2/js/joubel-message-dialog.js"/>
      <file href="workspace/H5P.JoubelUI-1.2/js/joubel-progress-circle.js"/>
      <file href="workspace/H5P.JoubelUI-1.2/js/joubel-progressbar.js"/>
      <file href="workspace/H5P.JoubelUI-1.2/js/joubel-score-bar.js"/>
      <file href="workspace/H5P.JoubelUI-1.2/js/joubel-simple-rounded-button.js"/>
      <file href="workspace/H5P.JoubelUI-1.2/js/joubel-slider.js"/>
      <file href="workspace/H5P.JoubelUI-1.2/js/joubel-speech-bubble.js"/>
      <file href="workspace/H5P.JoubelUI-1.2/js/joubel-throbber.js"/>
      <file href="workspace/H5P.JoubelUI-1.2/js/joubel-tip.js"/>
      <file href="workspace/H5P.JoubelUI-1.2/js/joubel-ui.js"/>
      <file href="workspace/H5P.JoubelUI-1.2/library.json"/>
      <file href="workspace/H5P.MarkTheWords-1.6/fonts/icomoon.eot"/>
      <file href="workspace/H5P.MarkTheWords-1.6/fonts/icomoon.svg"/>
      <file href="workspace/H5P.MarkTheWords-1.6/fonts/icomoon.ttf"/>
      <file href="workspace/H5P.MarkTheWords-1.6/fonts/icomoon.woff"/>
      <file href="workspace/H5P.MarkTheWords-1.6/language/ar.json"/>
      <file href="workspace/H5P.MarkTheWords-1.6/language/de.json"/>
      <file href="workspace/H5P.MarkTheWords-1.6/language/fr.json"/>
      <file href="workspace/H5P.MarkTheWords-1.6/language/it.json"/>
      <file href="workspace/H5P.MarkTheWords-1.6/language/nb.json"/>
      <file href="workspace/H5P.MarkTheWords-1.6/language/nn.json"/>
      <file href="workspace/H5P.MarkTheWords-1.6/library.json"/>
      <file href="workspace/H5P.MarkTheWords-1.6/scripts/keyboard-nav.js"/>
      <file href="workspace/H5P.MarkTheWords-1.6/scripts/mark-the-words.js"/>
      <file href="workspace/H5P.MarkTheWords-1.6/scripts/word.js"/>
      <file href="workspace/H5P.MarkTheWords-1.6/scripts/xAPI-generator.js"/>
      <file href="workspace/H5P.MarkTheWords-1.6/semantics.json"/>
      <file href="workspace/H5P.MarkTheWords-1.6/styles/mark-the-words.css"/>
      <file href="workspace/H5P.MarkTheWords-1.6/upgrades.js"/>
      <file href="workspace/H5P.Question-1.2/library.json"/>
      <file href="workspace/H5P.Question-1.2/scripts/question.js"/>
      <file href="workspace/H5P.Question-1.2/styles/question.css"/>
      <file href="workspace/H5P.Transition-1.0/README.md"/>
      <file href="workspace/H5P.Transition-1.0/library.json"/>
      <file href="workspace/H5P.Transition-1.0/transition.js"/>
      <file href="workspace/Tether-1.0/README.md"/>
      <file href="workspace/Tether-1.0/library.json"/>
      <file href="workspace/Tether-1.0/scripts/tether.min.js"/>
      <file href="workspace/Tether-1.0/styles/tether.min.css"/>
      <file href="workspace/content/content.json"/>
      <file href="workspace/h5p.json"/>
    </resource>
  </resources>
</manifest>