{"checkAnswerButton":"\u00dcberpr\u00fcfen","tryAgainButton":"Wiederholen","showSolutionButton":"L\u00fcsung zeigen","score":"Du hast @score von @total Punkten","behaviour":{"enableRetry":true,"enableSolutionsButton":true},"correctAnswer":"Korrekt!","incorrectAnswer":"Falsch!","missedAnswer":"Vergessen!","displaySolutionDescription":"Die Aufgabe zeigt nun die L\u00f6sungen","taskDescription":"<p>Mark the words!<\/p>\n","textField":"<p>This is a *short answer.* This is a space. * This is a really long sentence, that should be clickable. * This is a $dollar$!<\/p>\n"}