{
  "title": "Question",
  "machineName": "H5P.Question",
  "majorVersion": 1,
  "minorVersion": 2,
  "patchVersion": 3,
  "runnable": 0,
  "license": "MIT",
  "author": "Joubel",
  "coreApi": {
    "majorVersion": 1,
    "minorVersion": 7
  },
  "preloadedCss": [
    {
      "path": "styles/question.css"
    }
  ],
  "preloadedJs": [
    {
      "path": "scripts/question.js"
    }
  ],
  "preloadedDependencies": [
    {
      "machineName": "FontAwesome",
      "majorVersion": 4,
      "minorVersion": 5
    },
    {
      "machineName": "H5P.JoubelUI",
      "majorVersion": 1,
      "minorVersion": 2
    }
  ]
}